Data,Region,Average_Consumption,month,year,Average_Consumption_lag_1,Average_Consumption_lag_12,Average_Consumption_rolling_mean_3
2015-01-01,Sudeste/CO,40467.71,1,2015,36171.19,38704.86,37639.886666666665
2015-01-01,Sul,11607.68,1,2015,10716.2,11774.17,11025.17
2015-01-01,Norte,4992.72,1,2015,5068.56,5182.91,5070.816666666667
2015-01-01,Nordeste,10042.26,1,2015,9665.72,9707.14,9844.826666666666
2015-02-01,Sudeste/CO,39133.78,2,2015,40467.71,39819.66,38590.89333333333
2015-02-01,Sul,11707.08,2,2015,11607.68,12400.69,11343.653333333335
2015-02-01,Norte,5002.3,2,2015,4992.72,5197.88,5021.193333333334
2015-02-01,Nordeste,10003.65,2,2015,10042.26,9777.36,9903.876666666665
2015-03-01,Sul,11622.86,3,2015,11707.08,10870.85,11645.873333333331
2015-03-01,Nordeste,10058.7,3,2015,10003.65,9712.33,10034.87
2015-03-01,Sudeste/CO,38210.43,3,2015,39133.78,37542.74,39270.63999999999
2015-03-01,Norte,5091.45,3,2015,5002.3,5190.22,5028.823333333333
2015-04-01,Nordeste,10070.9,4,2015,10058.7,9773.35,10044.416666666666
2015-04-01,Norte,5163.63,4,2015,5091.45,5224.98,5085.793333333334
2015-04-01,Sudeste/CO,35811.95,4,2015,38210.43,35486.97,37718.72
2015-04-01,Sul,10478.21,4,2015,11622.86,10398.65,11269.383333333331
2015-05-01,Nordeste,9804.35,5,2015,10070.9,9526.03,9977.983333333332
2015-05-01,Norte,5120.86,5,2015,5163.63,5127.94,5125.3133333333335
2015-05-01,Sudeste/CO,33218.03,5,2015,35811.95,35309.27,35746.80333333334
2015-05-01,Sul,9837.77,5,2015,10478.21,10019.66,10646.28
2015-06-01,Sul,9769.19,6,2015,9837.77,9923.49,10028.39
2015-06-01,Nordeste,9447.67,6,2015,9804.35,9141.54,9774.306666666667
2015-06-01,Norte,5086.5,6,2015,5120.86,4984.8,5123.663333333333
2015-06-01,Sudeste/CO,32475.57,6,2015,33218.03,34120.95,33835.183333333334
2015-07-01,Nordeste,9109.74,7,2015,9447.67,9207.4,9453.92
2015-07-01,Sul,9805.12,7,2015,9769.19,10128.58,9804.026666666667
2015-07-01,Norte,5020.2,7,2015,5086.5,4995.03,5075.8533333333335
2015-07-01,Sudeste/CO,33015.55,7,2015,32475.57,34146.18,32903.05
2015-08-01,Norte,5236.49,8,2015,5020.2,5116.61,5114.3966666666665
2015-08-01,Nordeste,9208.78,8,2015,9109.74,9235.9,9255.396666666667
2015-08-01,Sul,9947.7,8,2015,9805.12,9943.66,9840.67
2015-08-01,Sudeste/CO,33889.71,8,2015,33015.55,34537.1,33126.943333333336
2015-09-01,Nordeste,9579.98,9,2015,9208.78,9590.7,9299.5
2015-09-01,Norte,5547.03,9,2015,5236.49,5294.31,5267.906666666667
2015-09-01,Sul,9914.58,9,2015,9947.7,9959.57,9889.133333333333
2015-09-01,Sudeste/CO,35495.77,9,2015,33889.71,36110.88,34133.676666666666
2015-10-01,Norte,5538.57,10,2015,5547.03,5120.88,5440.696666666667
2015-10-01,Nordeste,9895.76,10,2015,9579.98,9714.67,9561.506666666668
2015-10-01,Sul,10153.16,10,2015,9914.58,10477.52,10005.146666666667
2015-10-01,Sudeste/CO,36630.36,10,2015,35495.77,37053.12,35338.613333333335
2015-11-01,Nordeste,10172.93,11,2015,9895.76,9826.5,9882.89
2015-11-01,Sudeste/CO,36322.05,11,2015,36630.36,36280.76,36149.39333333333
2015-11-01,Norte,5459.61,11,2015,5538.57,5151.17,5515.07
2015-11-01,Sul,10150.43,11,2015,10153.16,10751.63,10072.723333333333
2015-12-01,Sudeste/CO,36608.28,12,2015,36322.05,36171.19,36520.23
2015-12-01,Norte,5383.42,12,2015,5459.61,5068.56,5460.533333333333
2015-12-01,Sul,10235.12,12,2015,10150.43,10716.2,10179.57
2015-12-01,Nordeste,10087.1,12,2015,10172.93,9665.72,10051.93
2016-01-01,Sudeste/CO,36556.05,1,2016,36608.28,40467.71,36495.46
2016-01-01,Norte,5142.32,1,2016,5383.42,4992.72,5328.45
2016-01-01,Nordeste,9582.8,1,2016,10087.1,10042.26,9947.609999999999
2016-01-01,Sul,11258.15,1,2016,10235.12,11607.68,10547.900000000001
2016-02-01,Norte,5239.37,2,2016,5142.32,5002.3,5255.036666666666
2016-02-01,Nordeste,9926.13,2,2016,9582.8,10003.65,9865.343333333332
2016-02-01,Sudeste/CO,39524.44,2,2016,36556.05,39133.78,37562.92333333334
2016-02-01,Sul,11765.53,2,2016,11258.15,11707.08,11086.266666666668
2016-03-01,Sul,10942.51,3,2016,11765.53,11622.86,11322.063333333334
2016-03-01,Nordeste,10379.1,3,2016,9926.13,10058.7,9962.676666666666
2016-03-01,Sudeste/CO,38455.0,3,2016,39524.44,38210.43,38178.49666666667
2016-03-01,Norte,5293.72,3,2016,5239.37,5091.45,5225.136666666666
2016-04-01,Norte,5404.04,4,2016,5293.72,5163.63,5312.376666666666
2016-04-01,Sudeste/CO,37695.7,4,2016,38455.0,35811.95,38558.38
2016-04-01,Sul,11066.53,4,2016,10942.51,10478.21,11258.19
2016-04-01,Nordeste,9747.01,4,2016,10379.1,10070.9,10017.413333333332
2016-05-01,Sul,9965.47,5,2016,11066.53,9837.77,10658.17
2016-05-01,Nordeste,10059.76,5,2016,9747.01,9804.35,10061.956666666667
2016-05-01,Norte,5301.94,5,2016,5404.04,5120.86,5333.233333333334
2016-05-01,Sudeste/CO,33979.38,5,2016,37695.7,33218.03,36710.026666666665
2016-06-01,Sudeste/CO,33271.71,6,2016,33979.38,32475.57,34982.26333333333
2016-06-01,Sul,10614.52,6,2016,9965.47,9769.19,10548.839999999998
2016-06-01,Norte,5170.98,6,2016,5301.94,5086.5,5292.32
2016-06-01,Nordeste,9808.77,6,2016,10059.76,9447.67,9871.846666666666
2016-07-01,Nordeste,9553.56,7,2016,9808.77,9109.74,9807.363333333333
2016-07-01,Sul,10130.53,7,2016,10614.52,9805.12,10236.84
2016-07-01,Norte,5206.95,7,2016,5170.98,5020.2,5226.623333333333
2016-07-01,Sudeste/CO,33182.6,7,2016,33271.71,33015.55,33477.89666666667
2016-08-01,Nordeste,9669.98,8,2016,9553.56,9208.78,9677.436666666666
2016-08-01,Sul,10268.24,8,2016,10130.53,9947.7,10337.763333333334
2016-08-01,Norte,5479.0,8,2016,5206.95,5236.49,5285.643333333333
2016-08-01,Sudeste/CO,34310.11,8,2016,33182.6,33889.71,33588.14
2016-09-01,Sul,10086.56,9,2016,10268.24,9914.58,10161.776666666667
2016-09-01,Norte,5447.03,9,2016,5479.0,5547.03,5377.66
2016-09-01,Nordeste,9897.17,9,2016,9669.98,9579.98,9706.903333333334
2016-09-01,Sudeste/CO,34770.66,9,2016,34310.11,35495.77,34087.79
2016-10-01,Sudeste/CO,35149.63,10,2016,34770.66,36630.36,34743.46666666667
2016-10-01,Nordeste,10173.71,10,2016,9897.17,9895.76,9913.62
2016-10-01,Sul,10209.84,10,2016,10086.56,10153.16,10188.213333333333
2016-10-01,Norte,5461.13,10,2016,5447.03,5538.57,5462.386666666666
2016-11-01,Nordeste,10214.08,11,2016,10173.71,10172.93,10094.986666666666
2016-11-01,Norte,5581.77,11,2016,5461.13,5459.61,5496.643333333333
2016-11-01,Sul,10780.68,11,2016,10209.84,10150.43,10359.026666666667
2016-11-01,Sudeste/CO,34743.51,11,2016,35149.63,36322.05,34887.933333333334
2016-12-01,Sul,11188.53,12,2016,10780.68,10235.12,10726.35
2016-12-01,Norte,5234.09,12,2016,5581.77,5383.42,5425.663333333334
2016-12-01,Nordeste,10214.78,12,2016,10214.08,10087.1,10200.856666666667
2016-12-01,Sudeste/CO,35760.88,12,2016,34743.51,36608.28,35218.00666666666
2017-01-01,Norte,5077.38,1,2017,5234.09,5142.32,5297.746666666667
2017-01-01,Sul,11900.66,1,2017,11188.53,11258.15,11289.956666666667
2017-01-01,Nordeste,10502.29,1,2017,10214.78,9582.8,10310.383333333333
2017-01-01,Sudeste/CO,38977.42,1,2017,35760.88,36556.05,36493.93666666667
2017-02-01,Nordeste,10535.21,2,2017,10502.29,9926.13,10417.426666666666
2017-02-01,Sudeste/CO,40063.1,2,2017,38977.42,39524.44,38267.13333333333
2017-02-01,Sul,12529.68,2,2017,11900.66,11765.53,11872.956666666667
2017-02-01,Norte,5165.33,2,2017,5077.38,5239.37,5158.933333333333
2017-03-01,Sudeste/CO,39435.95,3,2017,40063.1,38455.0,39492.15666666666
2017-03-01,Sul,11668.03,3,2017,12529.68,10942.51,12032.79
2017-03-01,Nordeste,10768.35,3,2017,10535.21,10379.1,10601.949999999999
2017-03-01,Norte,5392.11,3,2017,5165.33,5293.72,5211.606666666667
2017-04-01,Norte,5287.42,4,2017,5392.11,5404.04,5281.62
2017-04-01,Sudeste/CO,35806.01,4,2017,39435.95,37695.7,38435.02
2017-04-01,Sul,10432.53,4,2017,11668.03,11066.53,11543.413333333332
2017-04-01,Nordeste,10364.33,4,2017,10768.35,9747.01,10555.963333333333
2017-05-01,Sudeste/CO,34414.14,5,2017,35806.01,33979.38,36552.03333333333
2017-05-01,Sul,10260.22,5,2017,10432.53,9965.47,10786.926666666666
2017-05-01,Norte,5590.2,5,2017,5287.42,5301.94,5423.243333333333
2017-05-01,Nordeste,10271.39,5,2017,10364.33,10059.76,10468.023333333333
2017-06-01,Nordeste,9900.8,6,2017,10271.39,9808.77,10178.84
2017-06-01,Norte,5474.74,6,2017,5590.2,5170.98,5450.786666666667
2017-06-01,Sul,10338.19,6,2017,10260.22,10614.52,10343.646666666667
2017-06-01,Sudeste/CO,33858.78,6,2017,34414.14,33271.71,34692.97666666666
2017-07-01,Nordeste,9408.81,7,2017,9900.8,9553.56,9860.333333333334
2017-07-01,Sudeste/CO,32552.04,7,2017,33858.78,33182.6,33608.32
2017-07-01,Sul,10483.78,7,2017,10338.19,10130.53,10360.730000000001
2017-07-01,Norte,5307.82,7,2017,5474.74,5206.95,5457.586666666666
2017-08-01,Nordeste,9772.25,8,2017,9408.81,9669.98,9693.953333333333
2017-08-01,Sudeste/CO,33822.72,8,2017,32552.04,34310.11,33411.18
2017-08-01,Sul,10610.79,8,2017,10483.78,10268.24,10477.586666666668
2017-08-01,Norte,5572.57,8,2017,5307.82,5479.0,5451.709999999999
2017-09-01,Nordeste,9701.75,9,2017,9772.25,9897.17,9627.603333333333
2017-09-01,Norte,5625.76,9,2017,5572.57,5447.03,5502.05
2017-09-01,Sul,10793.34,9,2017,10610.79,10086.56,10629.303333333333
2017-09-01,Sudeste/CO,35533.97,9,2017,33822.72,34770.66,33969.57666666667
2017-10-01,Sul,10469.67,10,2017,10793.34,10209.84,10624.6
2017-10-01,Nordeste,10229.79,10,2017,9701.75,10173.71,9901.263333333334
2017-10-01,Norte,5600.03,10,2017,5625.76,5461.13,5599.453333333334
2017-10-01,Sudeste/CO,36599.19,10,2017,35533.97,35149.63,35318.62666666667
2017-11-01,Sudeste/CO,35812.95,11,2017,36599.19,34743.51,35982.03666666667
2017-11-01,Sul,10811.51,11,2017,10469.67,10780.68,10691.506666666666
2017-11-01,Norte,5554.9,11,2017,5600.03,5581.77,5593.563333333334
2017-11-01,Nordeste,10371.39,11,2017,10229.79,10214.08,10100.976666666667
2017-12-01,Nordeste,10462.24,12,2017,10371.39,10214.78,10354.473333333333
2017-12-01,Sudeste/CO,36736.47,12,2017,35812.95,35760.88,36382.87
2017-12-01,Sul,11376.12,12,2017,10811.51,11188.53,10885.766666666668
2017-12-01,Norte,5383.59,12,2017,5554.9,5234.09,5512.839999999999
2018-01-01,Sul,11694.57,1,2018,11376.12,11900.66,11294.066666666668
2018-01-01,Nordeste,10540.96,1,2018,10462.24,10502.29,10458.196666666665
2018-01-01,Norte,5275.12,1,2018,5383.59,5077.38,5404.536666666667
2018-01-01,Sudeste/CO,39014.78,1,2018,36736.47,38977.42,37188.066666666666
2018-02-01,Norte,5383.37,2,2018,5275.12,5165.33,5347.36
2018-02-01,Nordeste,10360.76,2,2018,10540.96,10535.21,10454.653333333334
2018-02-01,Sudeste/CO,38538.91,2,2018,39014.78,40063.1,38096.72
2018-02-01,Sul,12090.04,2,2018,11694.57,12529.68,11720.243333333334
2018-03-01,Sul,11891.16,3,2018,12090.04,11668.03,11891.923333333332
2018-03-01,Nordeste,10573.49,3,2018,10360.76,10768.35,10491.736666666666
2018-03-01,Sudeste/CO,40027.98,3,2018,38538.91,39435.95,39193.89000000001
2018-03-01,Norte,5561.76,3,2018,5383.37,5392.11,5406.75
2018-04-01,Sul,11543.85,4,2018,11891.16,10432.53,11841.683333333334
2018-04-01,Norte,5318.74,4,2018,5561.76,5287.42,5421.29
2018-04-01,Nordeste,10367.04,4,2018,10573.49,10364.33,10433.763333333334
2018-04-01,Sudeste/CO,36675.95,4,2018,40027.98,35806.01,38414.28
2018-05-01,Sudeste/CO,34197.82,5,2018,36675.95,34414.14,36967.25
2018-05-01,Nordeste,10193.69,5,2018,10367.04,10271.39,10378.073333333334
2018-05-01,Norte,5184.07,5,2018,5318.74,5590.2,5354.856666666667
2018-05-01,Sul,10430.37,5,2018,11543.85,10260.22,11288.46
2018-06-01,Sudeste/CO,33858.14,6,2018,34197.82,33858.78,34910.636666666665
2018-06-01,Sul,10608.3,6,2018,10430.37,10338.19,10860.840000000002
2018-06-01,Nordeste,9852.02,6,2018,10193.69,9900.8,10137.583333333334
2018-06-01,Norte,5221.35,6,2018,5184.07,5474.74,5241.386666666666
2018-07-01,Sudeste/CO,33919.26,7,2018,33858.14,32552.04,33991.74
2018-07-01,Nordeste,9830.9,7,2018,9852.02,9408.81,9958.87
2018-07-01,Sul,10742.02,7,2018,10608.3,10483.78,10593.563333333334
2018-07-01,Norte,5115.06,7,2018,5221.35,5307.82,5173.493333333333
2018-08-01,Sul,10694.29,8,2018,10742.02,10610.79,10681.536666666667
2018-08-01,Norte,5278.88,8,2018,5115.06,5572.57,5205.096666666667
2018-08-01,Sudeste/CO,34465.46,8,2018,33919.26,33822.72,34080.95333333333
2018-08-01,Nordeste,9976.72,8,2018,9830.9,9772.25,9886.546666666667
2018-09-01,Sudeste/CO,35488.2,9,2018,34465.46,35533.97,34624.306666666664
2018-09-01,Sul,10456.4,9,2018,10694.29,10793.34,10630.903333333334
2018-09-01,Nordeste,10233.54,9,2018,9976.72,9701.75,10013.720000000001
2018-09-01,Norte,5402.49,9,2018,5278.88,5625.76,5265.4766666666665
2018-10-01,Sul,10755.89,10,2018,10456.4,10469.67,10635.526666666667
2018-10-01,Sudeste/CO,36868.93,10,2018,35488.2,36599.19,35607.53
2018-10-01,Nordeste,10800.47,10,2018,10233.54,10229.79,10336.91
2018-10-01,Norte,5431.14,10,2018,5402.49,5600.03,5370.836666666666
2018-11-01,Sul,11306.87,11,2018,10755.89,10811.51,10839.720000000001
2018-11-01,Sudeste/CO,36719.2,11,2018,36868.93,35812.95,36358.776666666665
2018-11-01,Nordeste,10785.05,11,2018,10800.47,10371.39,10606.353333333334
2018-11-01,Norte,5293.62,11,2018,5431.14,5554.9,5375.75
2018-12-01,Sul,11532.72,12,2018,11306.87,11376.12,11198.493333333332
2018-12-01,Nordeste,10447.94,12,2018,10785.05,10462.24,10677.82
2018-12-01,Norte,5137.02,12,2018,5293.62,5383.59,5287.26
2018-12-01,Sudeste/CO,38158.38,12,2018,36719.2,36736.47,37248.83666666666
2019-01-01,Nordeste,10930.89,1,2019,10447.94,10540.96,10721.293333333333
2019-01-01,Sudeste/CO,42133.93,1,2019,38158.38,39014.78,39003.83666666666
2019-01-01,Norte,5298.13,1,2019,5137.02,5275.12,5242.923333333333
2019-01-01,Sul,12833.96,1,2019,11532.72,11694.57,11891.183333333334
2019-02-01,Norte,5503.67,2,2019,5298.13,5383.37,5312.94
2019-02-01,Sul,12392.63,2,2019,12833.96,12090.04,12253.103333333333
2019-02-01,Sudeste/CO,40667.0,2,2019,42133.93,38538.91,40319.77
2019-02-01,Nordeste,11239.43,2,2019,10930.89,10360.76,10872.753333333334
2019-03-01,Nordeste,10848.0,3,2019,11239.43,10573.49,11006.106666666667
2019-03-01,Sul,11542.73,3,2019,12392.63,11891.16,12256.44
2019-03-01,Norte,5416.77,3,2019,5503.67,5561.76,5406.19
2019-03-01,Sudeste/CO,38892.68,3,2019,40667.0,40027.98,40564.53666666667
2019-04-01,Sudeste/CO,37888.03,4,2019,38892.68,36675.95,39149.236666666664
2019-04-01,Sul,11319.71,4,2019,11542.73,11543.85,11751.69
2019-04-01,Nordeste,10927.68,4,2019,10848.0,10367.04,11005.036666666667
2019-04-01,Norte,5364.51,4,2019,5416.77,5318.74,5428.316666666667
2019-05-01,Norte,5514.03,5,2019,5364.51,5184.07,5431.77
2019-05-01,Sudeste/CO,35795.57,5,2019,37888.03,34197.82,37525.426666666666
2019-05-01,Nordeste,10826.0,5,2019,10927.68,10193.69,10867.226666666667
2019-05-01,Sul,10705.12,5,2019,11319.71,10430.37,11189.186666666666
2019-06-01,Sul,10502.5,6,2019,10705.12,10608.3,10842.443333333333
2019-06-01,Nordeste,9922.86,6,2019,10826.0,9852.02,10558.846666666666
2019-06-01,Norte,5448.67,6,2019,5514.03,5221.35,5442.403333333334
2019-06-01,Sudeste/CO,34226.92,6,2019,35795.57,33858.14,35970.17333333333
2019-07-01,Nordeste,9820.86,7,2019,9922.86,9830.9,10189.906666666668
2019-07-01,Norte,5374.95,7,2019,5448.67,5115.06,5445.883333333334
2019-07-01,Sul,10699.2,7,2019,10502.5,10742.02,10635.606666666668
2019-07-01,Sudeste/CO,33569.62,7,2019,34226.92,33919.26,34530.70333333333
2019-08-01,Sul,10807.31,8,2019,10699.2,10694.29,10669.67
2019-08-01,Nordeste,9774.33,8,2019,9820.86,9976.72,9839.35
2019-08-01,Norte,5541.23,8,2019,5374.95,5278.88,5454.95
2019-08-01,Sudeste/CO,34180.65,8,2019,33569.62,34465.46,33992.39666666667
2019-09-01,Sul,10731.14,9,2019,10807.31,10456.4,10745.883333333333
2019-09-01,Norte,5662.78,9,2019,5541.23,5402.49,5526.32
2019-09-01,Nordeste,10106.95,9,2019,9774.33,10233.54,9900.713333333335
2019-09-01,Sudeste/CO,36699.72,9,2019,34180.65,35488.2,34816.66333333333
2019-10-01,Sul,11370.05,10,2019,10731.14,10755.89,10969.5
2019-10-01,Sudeste/CO,37918.25,10,2019,36699.72,36868.93,36266.206666666665
2019-10-01,Norte,5596.46,10,2019,5662.78,5431.14,5600.156666666666
2019-10-01,Nordeste,10696.64,10,2019,10106.95,10800.47,10192.64
2019-11-01,Norte,5703.99,11,2019,5596.46,5293.62,5654.41
2019-11-01,Sudeste/CO,37089.43,11,2019,37918.25,36719.2,37235.8
2019-11-01,Sul,11552.51,11,2019,11370.05,11306.87,11217.9
2019-11-01,Nordeste,11085.56,11,2019,10696.64,10785.05,10629.716666666667
2019-12-01,Nordeste,11129.12,12,2019,11085.56,10447.94,10970.44
2019-12-01,Norte,5580.74,12,2019,5703.99,5137.02,5627.063333333333
2019-12-01,Sul,11626.44,12,2019,11552.51,11532.72,11516.333333333334
2019-12-01,Sudeste/CO,36887.27,12,2019,37089.43,38158.38,37298.31666666666
2020-01-01,Nordeste,10952.56,1,2020,11129.12,10930.89,11055.746666666666
2020-01-01,Sul,12599.13,1,2020,11626.44,12833.96,11926.026666666667
2020-01-01,Sudeste/CO,39577.57,1,2020,36887.27,42133.93,37851.42333333333
2020-01-01,Norte,5412.0,1,2020,5580.74,5298.13,5565.576666666667
2020-02-01,Nordeste,10995.71,2,2020,10952.56,11239.43,11025.796666666667
2020-02-01,Norte,5513.53,2,2020,5412.0,5503.67,5502.089999999999
2020-02-01,Sudeste/CO,39505.45,2,2020,39577.57,40667.0,38656.76333333333
2020-02-01,Sul,12781.99,2,2020,12599.13,12392.63,12335.853333333333
2020-03-01,Nordeste,10597.1,3,2020,10995.71,10848.0,10848.456666666667
2020-03-01,Norte,5347.47,3,2020,5513.53,5416.77,5424.333333333333
2020-03-01,Sudeste/CO,37954.85,3,2020,39505.45,38892.68,39012.62333333333
2020-03-01,Sul,12310.29,3,2020,12781.99,11542.73,12563.803333333331
2020-04-01,Nordeste,9592.04,4,2020,10597.1,10927.68,10394.949999999999
2020-04-01,Sul,10265.75,4,2020,12310.29,11319.71,11786.01
2020-04-01,Norte,4921.12,4,2020,5347.47,5364.51,5260.706666666667
2020-04-01,Sudeste/CO,32396.52,4,2020,37954.85,37888.03,36618.939999999995
2020-05-01,Nordeste,9470.41,5,2020,9592.04,10826.0,9886.516666666666
2020-05-01,Sudeste/CO,31278.08,5,2020,32396.52,35795.57,33876.48333333333
2020-05-01,Norte,5111.48,5,2020,4921.12,5514.03,5126.69
2020-05-01,Sul,10095.4,5,2020,10265.75,10705.12,10890.480000000001
2020-06-01,Nordeste,9441.39,6,2020,9470.41,9922.86,9501.28
2020-06-01,Norte,5286.12,6,2020,5111.48,5448.67,5106.239999999999
2020-06-01,Sudeste/CO,32643.98,6,2020,31278.08,34226.92,32106.193333333333
2020-06-01,Sul,10185.78,6,2020,10095.4,10502.5,10182.31
2020-07-01,Norte,5387.09,7,2020,5286.12,5374.95,5261.563333333333
2020-07-01,Sudeste/CO,33652.79,7,2020,32643.98,33569.62,32524.95
2020-07-01,Nordeste,9612.53,7,2020,9441.39,9820.86,9508.11
2020-07-01,Sul,10414.71,7,2020,10185.78,10699.2,10231.963333333333
2020-08-01,Norte,5753.43,8,2020,5387.09,5541.23,5475.546666666666
2020-08-01,Nordeste,9809.27,8,2020,9612.53,9774.33,9621.063333333334
2020-08-01,Sudeste/CO,34682.81,8,2020,33652.79,34180.65,33659.85999999999
2020-08-01,Sul,10424.31,8,2020,10414.71,10807.31,10341.6
2020-09-01,Nordeste,10132.21,9,2020,9809.27,10106.95,9851.336666666668
2020-09-01,Sudeste/CO,38260.49,9,2020,34682.81,36699.72,35532.03
2020-09-01,Sul,11012.74,9,2020,10424.31,10731.14,10617.253333333332
2020-09-01,Norte,5918.47,9,2020,5753.43,5662.78,5686.330000000001
2020-10-01,Norte,5961.54,10,2020,5918.47,5596.46,5877.813333333334
2020-10-01,Nordeste,11048.55,10,2020,10132.21,10696.64,10330.01
2020-10-01,Sudeste/CO,38984.22,10,2020,38260.49,37918.25,37309.17333333333
2020-10-01,Sul,11537.25,10,2020,11012.74,11370.05,10991.433333333332
2020-11-01,Sul,11927.27,11,2020,11537.25,11552.51,11492.42
2020-11-01,Nordeste,10790.93,11,2020,11048.55,11085.56,10657.229999999998
2020-11-01,Norte,5777.47,11,2020,5961.54,5703.99,5885.826666666668
2020-11-01,Sudeste/CO,37609.39,11,2020,38984.22,37089.43,38284.7
2020-12-01,Sudeste/CO,39185.01,12,2020,37609.39,36887.27,38592.87333333333
2020-12-01,Sul,11917.91,12,2020,11927.27,11626.44,11794.143333333333
2020-12-01,Nordeste,11165.52,12,2020,10790.93,11129.12,11001.666666666666
2020-12-01,Norte,5806.54,12,2020,5777.47,5580.74,5848.516666666666
2021-01-01,Sudeste/CO,40893.73,1,2021,39185.01,39577.57,39229.37666666667
2021-01-01,Sul,12380.84,1,2021,11917.91,12599.13,12075.340000000002
2021-01-01,Nordeste,11104.46,1,2021,11165.52,10952.56,11020.303333333335
2021-01-01,Norte,5519.24,1,2021,5806.54,5412.0,5701.083333333333
2021-02-01,Norte,5661.05,2,2021,5519.24,5513.53,5662.276666666668
2021-02-01,Sul,12689.41,2,2021,12380.84,12781.99,12329.386666666665
2021-02-01,Nordeste,11218.18,2,2021,11104.46,10995.71,11162.720000000001
2021-02-01,Sudeste/CO,40791.13,2,2021,40893.73,39505.45,40289.956666666665
2021-03-01,Sul,12923.32,3,2021,12689.41,12310.29,12664.523333333333
2021-03-01,Norte,5821.54,3,2021,5661.05,5347.47,5667.276666666666
2021-03-01,Sudeste/CO,41979.2,3,2021,40791.13,37954.85,41221.35333333333
2021-03-01,Nordeste,11499.67,3,2021,11218.18,10597.1,11274.103333333333
2021-04-01,Sul,12000.24,4,2021,12923.32,10265.75,12537.656666666668
2021-04-01,Sudeste/CO,38720.88,4,2021,41979.2,32396.52,40497.07
2021-04-01,Norte,6006.17,4,2021,5821.54,4921.12,5829.586666666667
2021-04-01,Nordeste,11163.71,4,2021,11499.67,9592.04,11293.853333333333
2021-05-01,Sudeste/CO,38155.86,5,2021,38720.88,31278.08,39618.64666666666
2021-05-01,Sul,11421.82,5,2021,12000.24,10095.4,12115.126666666669
2021-05-01,Norte,6008.31,5,2021,6006.17,5111.48,5945.34
2021-05-01,Nordeste,10767.94,5,2021,11163.71,9470.41,11143.773333333333
2021-06-01,Sul,11291.34,6,2021,11421.82,10185.78,11571.133333333333
2021-06-01,Nordeste,10967.23,6,2021,10767.94,9441.39,10966.293333333333
2021-06-01,Sudeste/CO,37596.18,6,2021,38155.86,32643.98,38157.63999999999
2021-06-01,Norte,5959.34,6,2021,6008.31,5286.12,5991.2733333333335
2021-07-01,Norte,5939.41,7,2021,5959.34,5387.09,5969.02
2021-07-01,Sul,11619.35,7,2021,11291.34,10414.71,11444.17
2021-07-01,Sudeste/CO,36489.12,7,2021,37596.18,33652.79,37413.72
2021-07-01,Nordeste,11038.13,7,2021,10967.23,9612.53,10924.433333333334
2021-08-01,Sul,11642.07,8,2021,11619.35,10424.31,11517.586666666668
2021-08-01,Norte,6283.03,8,2021,5939.41,5753.43,6060.593333333333
2021-08-01,Sudeste/CO,38117.23,8,2021,36489.12,34682.81,37400.84333333333
2021-08-01,Nordeste,11276.1,8,2021,11038.13,9809.27,11093.82
2021-09-01,Norte,6351.77,9,2021,6283.03,5918.47,6191.403333333333
2021-09-01,Sul,11449.04,9,2021,11642.07,11012.74,11570.153333333334
2021-09-01,Sudeste/CO,40340.28,9,2021,38117.23,38260.49,38315.543333333335
2021-09-01,Nordeste,11972.6,9,2021,11276.1,10132.21,11428.943333333335
2021-10-01,Norte,6170.16,10,2021,6351.77,5961.54,6268.32
2021-10-01,Nordeste,12179.03,10,2021,11972.6,11048.55,11809.243333333334
2021-10-01,Sudeste/CO,37630.33,10,2021,40340.28,38984.22,38695.94666666666
2021-10-01,Sul,11084.3,10,2021,11449.04,11537.25,11391.803333333335
2021-11-01,Nordeste,11923.98,11,2021,12179.03,10790.93,12025.203333333333
2021-11-01,Norte,6124.62,11,2021,6170.16,5777.47,6215.516666666667
2021-11-01,Sudeste/CO,39761.94,11,2021,37630.33,37609.39,39244.18333333333
2021-11-01,Sul,12468.52,11,2021,11084.3,11927.27,11667.286666666667
2021-12-01,Nordeste,11664.32,12,2021,11923.98,11165.52,11922.443333333335
2021-12-01,Norte,5973.28,12,2021,6124.62,5806.54,6089.3533333333335
2021-12-01,Sudeste/CO,39777.99,12,2021,39761.94,39185.01,39056.753333333334
2021-12-01,Sul,12665.26,12,2021,12468.52,11917.91,12072.693333333335
2022-01-01,Nordeste,11272.55,1,2022,11664.32,11104.46,11620.283333333333
2022-01-01,Norte,5763.09,1,2022,5973.28,5519.24,5953.663333333334
2022-01-01,Sudeste/CO,41225.27,1,2022,39777.99,40893.73,40255.06666666666
2022-01-01,Sul,13600.34,1,2022,12665.26,12380.84,12911.373333333331
2022-02-01,Sudeste/CO,42446.9,2,2022,41225.27,40791.13,41150.05333333333
2022-02-01,Nordeste,11754.37,2,2022,11272.55,11218.18,11563.746666666666
2022-02-01,Norte,5855.55,2,2022,5763.09,5661.05,5863.973333333332
2022-02-01,Sul,13706.17,2,2022,13600.34,12689.41,13323.923333333334
2022-03-01,Nordeste,11567.36,3,2022,11754.37,11499.67,11531.426666666666
2022-03-01,Sudeste/CO,44403.23,3,2022,42446.9,41979.2,42691.799999999996
2022-03-01,Sul,12617.74,3,2022,13706.17,12923.32,13308.083333333334
2022-03-01,Norte,5688.88,3,2022,5855.55,5821.54,5769.173333333333
2022-04-01,Nordeste,11332.98,4,2022,11567.36,11163.71,11551.570000000002
2022-04-01,Sudeste/CO,40913.24,4,2022,44403.23,38720.88,42587.79
2022-04-01,Norte,5851.57,4,2022,5688.88,6006.17,5798.666666666667
2022-04-01,Sul,11135.39,4,2022,12617.74,12000.24,12486.433333333334
2022-05-01,Sul,11049.63,5,2022,11135.39,11421.82,11600.92
2022-05-01,Norte,6039.45,5,2022,5851.57,6008.31,5859.966666666667
2022-05-01,Nordeste,11080.76,5,2022,11332.98,10767.94,11327.033333333333
2022-05-01,Sudeste/CO,38288.3,5,2022,40913.24,38155.86,41201.590000000004
2022-06-01,Sul,11211.2,6,2022,11049.63,11291.34,11132.073333333334
2022-06-01,Nordeste,10408.51,6,2022,11080.76,10967.23,10940.75
2022-06-01,Sudeste/CO,37455.67,6,2022,38288.3,37596.18,38885.73666666667
2022-06-01,Norte,6068.86,6,2022,6039.45,5959.34,5986.626666666666
2022-07-01,Sul,11335.33,7,2022,11211.2,11619.35,11198.720000000001
2022-07-01,Nordeste,10488.69,7,2022,10408.51,11038.13,10659.32
2022-07-01,Sudeste/CO,37825.3,7,2022,37455.67,36489.12,37856.42333333333
2022-07-01,Norte,6279.74,7,2022,6068.86,5939.41,6129.349999999999
2022-08-01,Nordeste,10808.89,8,2022,10488.69,11276.1,10568.696666666665
2022-08-01,Sudeste/CO,38015.06,8,2022,37825.3,38117.23,37765.34333333333
2022-08-01,Sul,11085.67,8,2022,11335.33,11642.07,11210.733333333335
2022-08-01,Norte,6583.72,8,2022,6279.74,6283.03,6310.7733333333335
2022-09-01,Nordeste,10992.91,9,2022,10808.89,11972.6,10763.496666666666
2022-09-01,Norte,6698.7,9,2022,6583.72,6351.77,6520.72
2022-09-01,Sul,11042.75,9,2022,11085.67,11449.04,11154.583333333334
2022-09-01,Sudeste/CO,38464.87,9,2022,38015.06,40340.28,38101.74333333334
2022-10-01,Sul,10787.16,10,2022,11042.75,11084.3,10971.86
2022-10-01,Nordeste,11621.16,10,2022,10992.91,12179.03,11140.986666666666
2022-10-01,Norte,6642.54,10,2022,6698.7,6170.16,6641.653333333333
2022-10-01,Sudeste/CO,39624.2,10,2022,38464.87,37630.33,38701.37666666667
2022-11-01,Sul,11383.32,11,2022,10787.16,12468.52,11071.076666666668
2022-11-01,Nordeste,11456.45,11,2022,11621.16,11923.98,11356.839999999998
2022-11-01,Sudeste/CO,38870.22,11,2022,39624.2,39761.94,38986.43
2022-11-01,Norte,6590.32,11,2022,6642.54,6124.62,6643.853333333333
2022-12-01,Norte,6482.19,12,2022,6590.32,5973.28,6571.683333333333
2022-12-01,Sul,12022.32,12,2022,11383.32,12665.26,11397.6
2022-12-01,Nordeste,11308.88,12,2022,11456.45,11664.32,11462.163333333336
2022-12-01,Sudeste/CO,38728.2,12,2022,38870.22,39777.99,39074.206666666665
2023-01-01,Nordeste,11510.28,1,2023,11308.88,11272.55,11425.203333333333
2023-01-01,Sudeste/CO,39957.99,1,2023,38728.2,41225.27,39185.469999999994
2023-01-01,Norte,6301.6,1,2023,6482.19,5763.09,6458.036666666667
2023-01-01,Sul,13003.63,1,2023,12022.32,13600.34,12136.423333333332
2023-02-01,Norte,6432.48,2,2023,6301.6,5855.55,6405.423333333333
2023-02-01,Sudeste/CO,42456.56,2,2023,39957.99,42446.9,40380.916666666664
2023-02-01,Sul,13121.99,2,2023,13003.63,13706.17,12715.979999999998
2023-02-01,Nordeste,11813.24,2,2023,11510.28,11754.37,11544.133333333333
2023-03-01,Sudeste/CO,43184.89,3,2023,42456.56,44403.23,41866.479999999996
2023-03-01,Sul,13524.78,3,2023,13121.99,12617.74,13216.799999999997
2023-03-01,Norte,6651.46,3,2023,6432.48,5688.88,6461.846666666667
2023-03-01,Nordeste,11487.94,3,2023,11813.24,11567.36,11603.82
2023-04-01,Nordeste,11321.74,4,2023,11487.94,11332.98,11540.973333333333
2023-04-01,Sul,11549.97,4,2023,13524.78,11135.39,12732.246666666666
2023-04-01,Sudeste/CO,39473.59,4,2023,43184.89,40913.24,41705.01333333333
2023-04-01,Norte,6798.25,4,2023,6651.46,5851.57,6627.3966666666665
2023-05-01,Norte,7190.17,5,2023,6798.25,6039.45,6879.959999999999
2023-05-01,Sudeste/CO,39817.59,5,2023,39473.59,38288.3,40825.35666666667
2023-05-01,Sul,12072.26,5,2023,11549.97,11049.63,12382.336666666668
2023-05-01,Nordeste,11956.66,5,2023,11321.74,11080.76,11588.779999999999
2023-06-01,Sul,11714.03,6,2023,12072.26,11211.2,11778.753333333334
2023-06-01,Norte,7115.85,6,2023,7190.17,6068.86,7034.756666666667
2023-06-01,Nordeste,11653.24,6,2023,11956.66,10408.51,11643.88
2023-06-01,Sudeste/CO,38619.01,6,2023,39817.59,37455.67,39303.39666666667
2023-07-01,Sudeste/CO,38360.99,7,2023,38619.01,37825.3,38932.53
2023-07-01,Norte,7210.47,7,2023,7115.85,6279.74,7172.163333333334
2023-07-01,Nordeste,11600.14,7,2023,11653.24,10488.69,11736.68
2023-07-01,Sul,11801.4,7,2023,11714.03,11335.33,11862.563333333334
2023-08-01,Nordeste,11989.97,8,2023,11600.14,10808.89,11747.783333333333
2023-08-01,Sul,12204.29,8,2023,11801.4,11085.67,11906.573333333334
2023-08-01,Sudeste/CO,40747.42,8,2023,38360.99,38015.06,39242.473333333335
2023-08-01,Norte,7557.02,8,2023,7210.47,6583.72,7294.446666666667
2023-09-01,Nordeste,12315.06,9,2023,11989.97,10992.91,11968.39
2023-09-01,Sul,12237.75,9,2023,12204.29,11042.75,12081.146666666667
2023-09-01,Sudeste/CO,43415.48,9,2023,40747.42,38464.87,40841.29666666667
2023-09-01,Norte,7746.98,9,2023,7557.02,6698.7,7504.823333333334
2023-10-01,Sul,12344.29,10,2023,12237.75,10787.16,12262.11
2023-10-01,Norte,7763.91,10,2023,7746.98,6642.54,7689.303333333333
2023-10-01,Nordeste,13051.16,10,2023,12315.06,11621.16,12452.063333333334
2023-10-01,Sudeste/CO,44093.9,10,2023,43415.48,39624.2,42752.26666666667
2023-11-01,Sul,13212.25,11,2023,12344.29,11383.32,12598.096666666666
2023-11-01,Norte,7618.25,11,2023,7763.91,6590.32,7709.713333333333
2023-11-01,Nordeste,13514.74,11,2023,13051.16,11456.45,12960.32
2023-11-01,Sudeste/CO,46313.89,11,2023,44093.9,38870.22,44607.756666666675
2023-12-01,Norte,7249.95,12,2023,7618.25,6482.19,7544.036666666667
2023-12-01,Sudeste/CO,46195.92,12,2023,46313.89,38728.2,45534.57
2023-12-01,Sul,14019.74,12,2023,13212.25,12022.32,13192.093333333332
2023-12-01,Nordeste,13170.85,12,2023,13514.74,11308.88,13245.583333333334
2024-01-01,Norte,7282.62,1,2024,7249.95,6301.6,7383.606666666667
2024-01-01,Sudeste/CO,45239.25,1,2024,46195.92,39957.99,45916.35333333333
2024-01-01,Nordeste,13173.18,1,2024,13170.85,11510.28,13286.256666666666
2024-01-01,Sul,14048.42,1,2024,14019.74,13003.63,13760.136666666667
2024-02-01,Sudeste/CO,46597.78,2,2024,45239.25,42456.56,46010.98333333334
2024-02-01,Norte,7311.07,2,2024,7282.62,6432.48,7281.213333333333
2024-02-01,Nordeste,13191.39,2,2024,13173.18,11813.24,13178.473333333333
2024-02-01,Sul,15666.3,2,2024,14048.42,13121.99,14578.153333333334
2024-03-01,Norte,7383.89,3,2024,7311.07,6651.46,7325.860000000001
2024-03-01,Sudeste/CO,47170.8,3,2024,46597.78,43184.89,46335.943333333336
2024-03-01,Nordeste,13409.23,3,2024,13191.39,11487.94,13257.933333333334
2024-03-01,Sul,14535.69,3,2024,15666.3,13524.78,14750.136666666667
2024-04-01,Norte,7441.54,4,2024,7383.89,6798.25,7378.833333333333
2024-04-01,Nordeste,13074.2,4,2024,13409.23,11321.74,13224.94
2024-04-01,Sudeste/CO,45701.52,4,2024,47170.8,39473.59,46490.03333333333
2024-04-01,Sul,13518.56,4,2024,14535.69,11549.97,14573.516666666668
2024-05-01,Sul,12542.55,5,2024,13518.56,12072.26,13532.266666666668
2024-05-01,Norte,7703.42,5,2024,7441.54,7190.17,7509.616666666668
2024-05-01,Sudeste/CO,44316.93,5,2024,45701.52,39817.59,45729.75
2024-05-01,Nordeste,12821.14,5,2024,13074.2,11956.66,13101.523333333333
2024-06-01,Nordeste,12193.81,6,2024,12821.14,11653.24,12696.383333333331
2024-06-01,Norte,7721.25,6,2024,7703.42,7115.85,7622.07
2024-06-01,Sudeste/CO,41439.09,6,2024,44316.93,38619.01,43819.17999999999
2024-06-01,Sul,12601.21,6,2024,12542.55,11714.03,12887.439999999997
2024-07-01,Sudeste/CO,41012.29,7,2024,41439.09,38360.99,42256.10333333333
2024-07-01,Sul,12955.0,7,2024,12601.21,11801.4,12699.586666666664
2024-07-01,Nordeste,12296.83,7,2024,12193.81,11600.14,12437.26
2024-07-01,Norte,7813.43,7,2024,7721.25,7210.47,7746.033333333333
2024-08-01,Norte,8105.58,8,2024,7813.43,7557.02,7880.086666666667
2024-08-01,Sudeste/CO,42059.6,8,2024,41012.29,40747.42,41503.659999999996
2024-08-01,Sul,13015.82,8,2024,12955.0,12204.29,12857.343333333332
2024-08-01,Nordeste,12832.09,8,2024,12296.83,11989.97,12440.910000000002
2024-09-01,Sudeste/CO,45974.78,9,2024,42059.6,43415.48,43015.556666666664
2024-09-01,Nordeste,13109.96,9,2024,12832.09,12315.06,12746.293333333333
2024-09-01,Norte,8498.04,9,2024,8105.58,7746.98,8139.016666666667
2024-09-01,Sul,12846.21,9,2024,13015.82,12237.75,12939.01
2024-10-01,Nordeste,13749.61,10,2024,13109.96,13051.16,13230.553333333331
2024-10-01,Sul,13452.27,10,2024,12846.21,12344.29,13104.766666666668
2024-10-01,Sudeste/CO,45186.27,10,2024,45974.78,44093.9,44406.88333333333
2024-10-01,Norte,8375.46,10,2024,8498.04,7763.91,8326.36
2024-11-01,Nordeste,13833.6,11,2024,13749.61,13514.74,13564.39
2024-11-01,Sul,14324.71,11,2024,13452.27,13212.25,13541.063333333334
2024-11-01,Sudeste/CO,44152.97,11,2024,45186.27,46313.89,45104.67333333333
2024-11-01,Norte,8294.47,11,2024,8375.46,7618.25,8389.323333333334
2024-12-01,Sudeste/CO,44722.32,12,2024,44152.97,46195.92,44687.18666666667
2024-12-01,Nordeste,13769.79,12,2024,13833.6,13170.85,13784.333333333334
2024-12-01,Sul,13162.19,12,2024,14324.71,14019.74,13646.39
2024-12-01,Norte,7895.49,12,2024,8294.47,7249.95,8188.473333333332
2025-01-01,Norte,7636.91,1,2025,7895.49,7282.62,7942.29
2025-01-01,Sul,15296.75,1,2025,13162.19,14048.42,14261.216666666667
2025-01-01,Sudeste/CO,46753.53,1,2025,44722.32,45239.25,45209.60666666667
2025-01-01,Nordeste,13413.74,1,2025,13769.79,13173.18,13672.376666666669
2025-02-01,Sul,16712.78,2,2025,15296.75,15666.3,15057.24
2025-02-01,Sudeste/CO,51048.59,2,2025,46753.53,46597.78,47508.14666666667
2025-02-01,Norte,7705.45,2,2025,7636.91,7311.07,7745.95
2025-02-01,Nordeste,13739.95,2,2025,13413.74,13191.39,13641.160000000002
2025-03-01,Sudeste/CO,48550.61,3,2025,51048.59,47170.8,48784.243333333325
2025-03-01,Norte,7945.51,3,2025,7705.45,7383.89,7762.623333333333
2025-03-01,Nordeste,13790.46,3,2025,13739.95,13409.23,13648.050000000001
2025-03-01,Sul,15662.13,3,2025,16712.78,14535.69,15890.553333333331
2025-04-01,Sudeste/CO,44250.03,4,2025,48550.61,45701.52,47949.743333333325
2025-04-01,Sul,13190.36,4,2025,15662.13,13518.56,15188.423333333332
2025-04-01,Nordeste,13829.25,4,2025,13790.46,13074.2,13786.553333333335
2025-04-01,Norte,8099.94,4,2025,7945.51,7441.54,7916.966666666667
2025-05-01,Sudeste/CO,41856.36,5,2025,44250.03,44316.93,44885.666666666664
2025-05-01,Sul,12914.78,5,2025,13190.36,12542.55,13922.423333333334
2025-05-01,Norte,8147.8,5,2025,8099.94,7703.42,8064.416666666667
2025-05-01,Nordeste,13322.29,5,2025,13829.25,12821.14,13647.333333333334
2025-06-01,Norte,8219.81,6,2025,8147.8,7721.25,8155.849999999999
2025-06-01,Nordeste,13131.79,6,2025,13322.29,12193.81,13427.776666666667
2025-06-01,Sudeste/CO,42065.74,6,2025,41856.36,41439.09,42724.043333333335
2025-06-01,Sul,12988.4,6,2025,12914.78,12601.21,13031.18
